<desktopflowbinary desktopflowbinaryid="4eb51c75-723c-f011-b4cb-7c1e526b30e9">
  <data mimetype="application/octet-stream">ControlRepositoryImageFile_1d06c30a-2d10-4c66-b545-79b577af74c2.png</data>
  <iscustomizable>1</iscustomizable>
  <name>Desktop flow ui element screenshot</name>
  <process>
    <workflowid>41b51c75-723c-f011-b4cb-7c1e526b30e9</workflowid>
  </process>
  <reference>controlRepo-screenshots\af6cdbd5-20e0-415f-b9b0-c33bb9cff1e9.png</reference>
  <statecode>0</statecode>
  <statuscode>1</statuscode>
  <type>ControlRepositoryImageFile</type>
</desktopflowbinary>