<desktopflowbinary desktopflowbinaryid="5ab51c75-723c-f011-b4cb-7c1e526b30e9">
  <data mimetype="application/json">ManifestFile_5ab51c75-723c-f011-b4cb-7c1e526b30e9.json</data>
  <iscustomizable>1</iscustomizable>
  <name>Desktop flow manifest file</name>
  <process>
    <workflowid>41b51c75-723c-f011-b4cb-7c1e526b30e9</workflowid>
  </process>
  <reference>flow.manifest</reference>
  <statecode>0</statecode>
  <statuscode>1</statuscode>
  <type>ManifestFile</type>
</desktopflowbinary>