<desktopflowbinary desktopflowbinaryid="56b51c75-723c-f011-b4cb-7c1e526b30e9">
  <data mimetype="application/json">ImageRepository_356ff829-2775-4f24-8f42-643e0166d6c6.json</data>
  <iscustomizable>1</iscustomizable>
  <name>Desktop flow images</name>
  <process>
    <workflowid>41b51c75-723c-f011-b4cb-7c1e526b30e9</workflowid>
  </process>
  <reference>imageRepo.imgrepo</reference>
  <statecode>0</statecode>
  <statuscode>1</statuscode>
  <type>ImageRepository</type>
</desktopflowbinary>