<desktopflowbinary desktopflowbinaryid="1a685b7e-8f9a-4907-8cbe-35827d838c11">
  <data mimetype="image/png">ControlRepositoryImageFile_1a685b7e-8f9a-4907-8cbe-35827d838c11.png</data>
  <iscustomizable>1</iscustomizable>
  <metadata>{}</metadata>
  <mimetype>image/png</mimetype>
  <name>Desktop flow ui element screenshot</name>
  <process>
    <workflowid>41b51c75-723c-f011-b4cb-7c1e526b30e9</workflowid>
  </process>
  <reference>controlRepo-screenshots\c64d203f-7799-44f6-90fc-8546bceac765.png</reference>
  <statecode>0</statecode>
  <statuscode>1</statuscode>
  <type>ControlRepositoryImageFile</type>
</desktopflowbinary>