{"name":"091176a2-0d6d-4b15-b679-5630a2090749","id":"/providers/Microsoft.Flow/flows/091176a2-0d6d-4b15-b679-5630a2090749","type":"Microsoft.Flow/flows","properties":{"apiId":"/providers/Microsoft.PowerApps/apis/shared_logicflows","displayName":"Weekly_Run_SF_Cases","definition":{"metadata":{"workflowEntityId":null,"processAdvisorMetadata":null,"flowChargedByPaygo":null,"flowclientsuspensionreason":"None","flowclientsuspensiontime":null,"flowclientsuspensionreasondetails":null,"creator":{"id":"a37b9092-1106-404c-a6c1-313a141ab360","type":"User","tenantId":"060928d7-8b87-48a6-90b4-4fcfd20bf0a3"},"provisioningMethod":"FromDefinition","failureAlertSubscription":true,"clientLastModifiedTime":"2025-09-12T08:56:15.9072751Z","connectionKeySavedTimeKey":"2025-09-12T08:55:36.4843963Z","creationSource":null,"modifiedSources":"Portal"},"$schema":"https://schema.management.azure.com/providers/Microsoft.Logic/schemas/2016-06-01/workflowdefinition.json#","contentVersion":"undefined","parameters":{"$authentication":{"defaultValue":{},"type":"SecureObject"},"$connections":{"defaultValue":{},"type":"Object"}},"triggers":{"Recurrence":{"recurrence":{"frequency":"Week","interval":1,"startTime":"2025-04-23T04:00:00.000Z","timeZone":"India Standard Time","schedule":{"hours":["14"],"minutes":[30],"weekDays":["Friday"]}},"type":"Recurrence"}},"actions":{"Execute_a_SOQL_query":{"runAfter":{},"type":"OpenApiConnection","inputs":{"parameters":{"queryParameters/query":"SELECT CaseNumber, Description, Id, IsClosed, Subject ,CreatedDate FROM Case WHERE IsClosed = FALSE   AND Case_Category_1__c = 'Payer Portal Access Requests'   AND Case_Category_2__c = 'Existing User'   AND Case_Category_3__c = 'Termination'   AND Status='New'\n  "},"host":{"apiId":"/providers/Microsoft.PowerApps/apis/shared_salesforce","connectionName":"shared_salesforce-1","operationId":"ExecuteSoqlQuery"},"authentication":"@parameters('$authentication')"}},"Compose":{"runAfter":{"Execute_a_SOQL_query":["Succeeded"]},"type":"Compose","inputs":"@body('Execute_a_SOQL_query')"},"Create_file":{"runAfter":{"Compose":["Succeeded"]},"type":"OpenApiConnection","inputs":{"parameters":{"dataset":"https://unifiedphysicianmgt.sharepoint.com/sites/PAD-UWH-PortalTermination","folderPath":"/Shared Documents/Salesforce_DataIngestion_Json_PA","name":"@{concat(formatDateTime(utcNow(), 'ddMMyyyy'), '.json')}\n","body":"@outputs('Compose')"},"host":{"apiId":"/providers/Microsoft.PowerApps/apis/shared_sharepointonline","connectionName":"shared_sharepointonline-2","operationId":"CreateFile"},"authentication":"@parameters('$authentication')"},"runtimeConfiguration":{"contentTransfer":{"transferMode":"Chunked"}}}}},"connectionReferences":{"shared_salesforce-1":{"connectionName":"shared-salesforce-05e6f8a5-8cbb-493c-9581-0c839b17940b","source":"Embedded","id":"/providers/Microsoft.PowerApps/apis/shared_salesforce","tier":"NotSpecified","apiName":"salesforce","isProcessSimpleApiReferenceConversionAlreadyDone":false},"shared_sharepointonline-2":{"connectionName":"shared-sharepointonl-c7fca91a-d90f-4367-8065-2bbd772dd3fa","source":"Embedded","id":"/providers/Microsoft.PowerApps/apis/shared_sharepointonline","tier":"NotSpecified","apiName":"sharepointonline","isProcessSimpleApiReferenceConversionAlreadyDone":false}},"flowFailureAlertSubscribed":false,"isManaged":false}}