{"name":"b1babe13-ce2b-4aa4-9233-cb21cbc2ca17","id":"/providers/Microsoft.Flow/flows/b1babe13-ce2b-4aa4-9233-cb21cbc2ca17","type":"Microsoft.Flow/flows","properties":{"apiId":"/providers/Microsoft.PowerApps/apis/shared_logicflows","displayName":"Prod_SF_Communication_Writeback","definition":{"metadata":{"workflowEntityId":null,"processAdvisorMetadata":null,"flowChargedByPaygo":null,"flowclientsuspensionreason":"None","flowclientsuspensiontime":null,"flowclientsuspensionreasondetails":null,"creator":{"id":"a37b9092-1106-404c-a6c1-313a141ab360","type":"User","tenantId":"060928d7-8b87-48a6-90b4-4fcfd20bf0a3"},"provisioningMethod":"FromDefinition","failureAlertSubscription":true,"clientLastModifiedTime":"2025-09-12T11:11:54.5641795Z","connectionKeySavedTimeKey":"2025-09-12T11:11:54.5641795Z","creationSource":null,"modifiedSources":"Portal"},"$schema":"https://schema.management.azure.com/providers/Microsoft.Logic/schemas/2016-06-01/workflowdefinition.json#","contentVersion":"undefined","parameters":{"$authentication":{"defaultValue":{},"type":"SecureObject"},"$connections":{"defaultValue":{},"type":"Object"}},"triggers":{"manual":{"type":"Request","kind":"Button","inputs":{"schema":{"type":"object","properties":{},"required":[]}}}},"actions":{"Get_file_content_using_path":{"runAfter":{},"type":"OpenApiConnection","inputs":{"parameters":{"dataset":"https://unifiedphysicianmgt.sharepoint.com/sites/PAD-UWH-PortalTermination","path":"/Shared Documents/Salesforce_Communication/2025-09-12_SF_Writeback_communication.csv","inferContentType":true},"host":{"apiId":"/providers/Microsoft.PowerApps/apis/shared_sharepointonline","connectionName":"shared_sharepointonline","operationId":"GetFileContentByPath"},"authentication":{"value":"@json(decodeBase64(triggerOutputs().headers['X-MS-APIM-Tokens']))['$ConnectionKey']","type":"Raw"}}},"Initialize_variable":{"runAfter":{"Get_file_content_using_path":["Succeeded"]},"type":"InitializeVariable","inputs":{"variables":[{"name":"CSVText","type":"string","value":"@base64ToString(body('Get_file_content_using_path')?['$content'])"}]}},"CsvToArray":{"runAfter":{"Initialize_variable":["Succeeded"]},"type":"Compose","inputs":"@split(trim(variables('CSVText')), decodeUriComponent('%0A'))"},"Apply_to_each":{"foreach":"@outputs('Writeback_Array')","actions":{"Current_row":{"type":"Compose","inputs":"@createArray(first(split(item(), ',')), trim(replace(substring(item(), add(indexOf(item(), ','), 1)), '\"', '')))"},"SF_ID":{"runAfter":{"Current_row":["Succeeded"]},"type":"Compose","inputs":"@outputs('Current_row')[0]"},"Message":{"runAfter":{"SF_ID":["Succeeded"]},"type":"Compose","inputs":"@replace(trim(replace(outputs('Current_row')[1], '\"', '')), ',', decodeUriComponent('%0A'))\r\n"},"Create_record":{"runAfter":{"Message":["Succeeded"]},"type":"OpenApiConnection","inputs":{"parameters":{"table":"FeedItem","item/ParentId":"@outputs('SF_ID')","item/Type":"TextPost","item/Body":"@outputs('Message')"},"host":{"apiId":"/providers/Microsoft.PowerApps/apis/shared_salesforce","connectionName":"shared_salesforce-1","operationId":"PostItem_V2"},"authentication":{"value":"@json(decodeBase64(triggerOutputs().headers['X-MS-APIM-Tokens']))['$ConnectionKey']","type":"Raw"}}}},"runAfter":{"Writeback_Array":["Succeeded"]},"type":"Foreach"},"Writeback_Array":{"runAfter":{"CsvToArray":["Succeeded"]},"type":"Compose","inputs":"@skip(outputs('CsvToArray'), 1)"}}},"connectionReferences":{"shared_sharepointonline":{"connectionName":"shared-sharepointonl-c7fca91a-d90f-4367-8065-2bbd772dd3fa","source":"Invoker","id":"/providers/Microsoft.PowerApps/apis/shared_sharepointonline","tier":"NotSpecified","apiName":"sharepointonline","isProcessSimpleApiReferenceConversionAlreadyDone":false},"shared_salesforce-1":{"connectionName":"shared-salesforce-05e6f8a5-8cbb-493c-9581-0c839b17940b","source":"Invoker","id":"/providers/Microsoft.PowerApps/apis/shared_salesforce","tier":"NotSpecified","apiName":"salesforce","isProcessSimpleApiReferenceConversionAlreadyDone":false}},"flowFailureAlertSubscribed":false,"isManaged":false}}