<desktopflowbinary desktopflowbinaryid="5cb51c75-723c-f011-b4cb-7c1e526b30e9">
  <data mimetype="application/json">ControlRepository_866bcbf0-274f-4bed-884d-ea0d8857c121.json</data>
  <iscustomizable>1</iscustomizable>
  <name>Desktop flow ui elements</name>
  <process>
    <workflowid>41b51c75-723c-f011-b4cb-7c1e526b30e9</workflowid>
  </process>
  <reference>controlRepo.appmask</reference>
  <statecode>0</statecode>
  <statuscode>1</statuscode>
  <type>ControlRepository</type>
</desktopflowbinary>