<desktopflowbinary desktopflowbinaryid="47b51c75-723c-f011-b4cb-7c1e526b30e9">
  <data mimetype="application/octet-stream">ControlRepositoryImageFile_377d6d35-f047-454a-95e5-193e6b9b0247.png</data>
  <iscustomizable>1</iscustomizable>
  <name>Desktop flow ui element screenshot</name>
  <process>
    <workflowid>41b51c75-723c-f011-b4cb-7c1e526b30e9</workflowid>
  </process>
  <reference>controlRepo-screenshots\aff7293d-6ebf-4620-afdc-9ad4e84dae44.png</reference>
  <statecode>0</statecode>
  <statuscode>1</statuscode>
  <type>ControlRepositoryImageFile</type>
</desktopflowbinary>