<desktopflowbinary desktopflowbinaryid="4cb51c75-723c-f011-b4cb-7c1e526b30e9">
  <data mimetype="application/octet-stream">ControlRepositoryImageFile_809c4bf1-3f73-4c6c-ab71-2162f946e592.png</data>
  <iscustomizable>1</iscustomizable>
  <name>Desktop flow ui element screenshot</name>
  <process>
    <workflowid>41b51c75-723c-f011-b4cb-7c1e526b30e9</workflowid>
  </process>
  <reference>controlRepo-screenshots\32b8c4dc-5326-49d8-9760-6a2a1504469b.png</reference>
  <statecode>0</statecode>
  <statuscode>1</statuscode>
  <type>ControlRepositoryImageFile</type>
</desktopflowbinary>