<desktopflowbinary desktopflowbinaryid="50b51c75-723c-f011-b4cb-7c1e526b30e9">
  <data mimetype="application/json">DependenciesFile_cc7a7313-9bc0-4b18-90af-0c2a0dee2cd3.json</data>
  <iscustomizable>1</iscustomizable>
  <name>Desktop flow dependencies file</name>
  <process>
    <workflowid>41b51c75-723c-f011-b4cb-7c1e526b30e9</workflowid>
  </process>
  <reference>flow.dependencies</reference>
  <statecode>0</statecode>
  <statuscode>1</statuscode>
  <type>DependenciesFile</type>
</desktopflowbinary>