<desktopflowbinary desktopflowbinaryid="52b51c75-723c-f011-b4cb-7c1e526b30e9">
  <data mimetype="application/octet-stream">ControlRepositoryImageFile_156b65ff-499d-4b2a-b284-a758060475b1.png</data>
  <iscustomizable>1</iscustomizable>
  <name>Desktop flow ui element screenshot</name>
  <process>
    <workflowid>41b51c75-723c-f011-b4cb-7c1e526b30e9</workflowid>
  </process>
  <reference>controlRepo-screenshots\2fe5a3aa-8009-4a1e-8b83-bbc050db30c5.png</reference>
  <statecode>0</statecode>
  <statuscode>1</statuscode>
  <type>ControlRepositoryImageFile</type>
</desktopflowbinary>