<desktopflowbinary desktopflowbinaryid="58b51c75-723c-f011-b4cb-7c1e526b30e9">
  <data mimetype="application/octet-stream">ImageRepositoryImageFile_b8863389-c5cc-48fa-b70d-ca497fdcbf7b.png</data>
  <iscustomizable>1</iscustomizable>
  <name>Desktop flow image screenshot</name>
  <process>
    <workflowid>41b51c75-723c-f011-b4cb-7c1e526b30e9</workflowid>
  </process>
  <reference>imageRepo-screenshots\8478bc9b-bea2-4702-8ada-8e1067207041.png</reference>
  <statecode>0</statecode>
  <statuscode>1</statuscode>
  <type>ImageRepositoryImageFile</type>
</desktopflowbinary>