{"name":"75c7de64-4cee-4645-977e-00fa2c646a6d","id":"/providers/Microsoft.Flow/flows/75c7de64-4cee-4645-977e-00fa2c646a6d","type":"Microsoft.Flow/flows","properties":{"apiId":"/providers/Microsoft.PowerApps/apis/shared_logicflows","displayName":"SF_Status_Update","definition":{"metadata":{"workflowEntityId":null,"processAdvisorMetadata":null,"flowChargedByPaygo":null,"flowclientsuspensionreason":"None","flowclientsuspensiontime":null,"flowclientsuspensionreasondetails":null,"creator":{"id":"182fc232-6545-414a-be44-78592a15a9cc","type":"User","tenantId":"060928d7-8b87-48a6-90b4-4fcfd20bf0a3"},"provisioningMethod":"FromDefinition","failureAlertSubscription":true,"clientLastModifiedTime":"2025-09-18T04:20:50.6314551Z","connectionKeySavedTimeKey":"2025-09-18T04:20:50.6314551Z","creationSource":"Portal","modifiedSources":"Portal"},"$schema":"https://schema.management.azure.com/providers/Microsoft.Logic/schemas/2016-06-01/workflowdefinition.json#","contentVersion":"undefined","parameters":{"$authentication":{"defaultValue":{},"type":"SecureObject"},"$connections":{"defaultValue":{},"type":"Object"}},"triggers":{"manual":{"metadata":{"operationMetadataId":"cec8006a-4825-4251-abef-ee472c24dd28"},"type":"Request","kind":"Button","inputs":{"schema":{"type":"object","properties":{},"required":[]}}}},"actions":{"Get_file_content_using_path":{"runAfter":{},"metadata":{"operationMetadataId":"30486b54-e1ee-4737-b831-0393ed989e6d"},"type":"OpenApiConnection","inputs":{"parameters":{"dataset":"https://unifiedphysicianmgt.sharepoint.com/sites/PAD-UWH-PortalTermination","path":"/Shared Documents/SF_Status/2025-09-04_SF_Status.csv","inferContentType":true},"host":{"apiId":"/providers/Microsoft.PowerApps/apis/shared_sharepointonline","connectionName":"shared_sharepointonline","operationId":"GetFileContentByPath"},"authentication":{"value":"@json(decodeBase64(triggerOutputs().headers['X-MS-APIM-Tokens']))['$ConnectionKey']","type":"Raw"}}},"Initialize_variable":{"runAfter":{"Get_file_content_using_path":["Succeeded"]},"metadata":{"operationMetadataId":"592dc849-ebad-4c61-a86a-3bc512aeee54"},"type":"InitializeVariable","inputs":{"variables":[{"name":"CSVText","type":"string","value":"@base64ToString(body('Get_file_content_using_path')?['$content'])"}]}},"CsvToArray":{"runAfter":{"Initialize_variable":["Succeeded"]},"metadata":{"operationMetadataId":"a62843c5-b7cb-4e9d-8b97-ba1ef7145131"},"type":"Compose","inputs":"@split(trim(variables('CSVText')), decodeUriComponent('%0A'))"},"StatusArray":{"runAfter":{"CsvToArray":["Succeeded"]},"metadata":{"operationMetadataId":"3cbbf195-34f1-4f1f-9b7b-56bd9e688956"},"type":"Compose","inputs":"@skip(outputs('CsvToArray'), 1)"},"Apply_to_each":{"foreach":"@outputs('StatusArray')","actions":{"Execute_a_SOQL_query":{"runAfter":{"SF_Id":["Succeeded"]},"metadata":{"operationMetadataId":"ba75d91f-a26c-43ba-9ae7-c4f270c02a5d"},"type":"OpenApiConnection","inputs":{"parameters":{"queryParameters/query":"SELECT BusinessHoursId\nFROM Case Where Id = '@{outputs('SF_Id')}'"},"host":{"apiId":"/providers/Microsoft.PowerApps/apis/shared_salesforce","connectionName":"shared_salesforce-2","operationId":"ExecuteSoqlQuery"},"authentication":{"value":"@json(decodeBase64(triggerOutputs().headers['X-MS-APIM-Tokens']))['$ConnectionKey']","type":"Raw"}}},"Parse_JSON":{"runAfter":{"Execute_a_SOQL_query":["Succeeded"]},"metadata":{"operationMetadataId":"2147c1b3-8e36-41f3-8e1c-fadfa713ae51"},"type":"ParseJson","inputs":{"content":"@body('Execute_a_SOQL_query')","schema":{"type":"object","properties":{"totalSize":{"type":"integer"},"done":{"type":"boolean"},"records":{"type":"array","items":{"type":"object","properties":{"attributes":{"type":"object","properties":{"type":{"type":"string"},"url":{"type":"string"}}},"BusinessHoursId":{"type":"string"}}}}}}}},"Compose":{"runAfter":{"Parse_JSON":["Succeeded"]},"metadata":{"operationMetadataId":"48d1ce0f-6daf-4fb2-9e89-b756fe68a756"},"type":"Compose","inputs":"@first(body('Parse_JSON')?['records'])?['BusinessHoursId']\r\n"},"Update_record_(V3)":{"runAfter":{"Compose":["Succeeded"]},"metadata":{"operationMetadataId":"42e74d1b-95ba-43b6-b6bd-70b44e6307d7"},"type":"OpenApiConnection","inputs":{"parameters":{"table":"Case","id":"@outputs('SF_Id')","item/BusinessHoursId":"@outputs('Compose')","item/Status":"In Progress"},"host":{"apiId":"/providers/Microsoft.PowerApps/apis/shared_salesforce","connectionName":"shared_salesforce-2","operationId":"PatchItem_V3"},"authentication":{"value":"@json(decodeBase64(triggerOutputs().headers['X-MS-APIM-Tokens']))['$ConnectionKey']","type":"Raw"}}},"SF_Id":{"metadata":{"operationMetadataId":"84fe598d-7cde-46ae-9670-24e9ffbdc50a"},"type":"Compose","inputs":"@trim(replace(items('Apply_to_each'), '\\r', ''))\r\n"}},"runAfter":{"StatusArray":["Succeeded"]},"metadata":{"operationMetadataId":"0dc4d3a6-c24f-4208-ad07-a432e855ad65"},"type":"Foreach"}}},"connectionReferences":{"shared_salesforce-2":{"connectionName":"shared-salesforce-76e26fdb-f68c-4a50-b877-dc486af227b6","source":"Invoker","id":"/providers/Microsoft.PowerApps/apis/shared_salesforce","tier":"NotSpecified","apiName":"salesforce","isProcessSimpleApiReferenceConversionAlreadyDone":false},"shared_sharepointonline":{"connectionName":"shared-sharepointonl-0a45edeb-ea3d-45bd-a040-9bbddfb705bb","source":"Invoker","id":"/providers/Microsoft.PowerApps/apis/shared_sharepointonline","tier":"NotSpecified","apiName":"sharepointonline","isProcessSimpleApiReferenceConversionAlreadyDone":false}},"flowFailureAlertSubscribed":false,"isManaged":false}}