<desktopflowbinary desktopflowbinaryid="0f622563-8321-4e50-8ef7-66d8ac35d72c">
  <data mimetype="image/png">ControlRepositoryImageFile_0f622563-8321-4e50-8ef7-66d8ac35d72c.png</data>
  <iscustomizable>1</iscustomizable>
  <metadata>{}</metadata>
  <mimetype>image/png</mimetype>
  <name>Desktop flow ui element screenshot</name>
  <process>
    <workflowid>41b51c75-723c-f011-b4cb-7c1e526b30e9</workflowid>
  </process>
  <reference>controlRepo-screenshots\95a64f4a-6d53-41fd-a7bb-51d604ad2d10.png</reference>
  <statecode>0</statecode>
  <statuscode>1</statuscode>
  <type>ControlRepositoryImageFile</type>
</desktopflowbinary>