<desktopflowbinary desktopflowbinaryid="54b51c75-723c-f011-b4cb-7c1e526b30e9">
  <data mimetype="application/octet-stream">ImageRepositoryImageFile_020a1be0-6890-46f8-b3af-ba03c727ab79.png</data>
  <iscustomizable>1</iscustomizable>
  <name>Desktop flow image screenshot</name>
  <process>
    <workflowid>41b51c75-723c-f011-b4cb-7c1e526b30e9</workflowid>
  </process>
  <reference>imageRepo-screenshots\49eb7e3c-43e8-474c-ae3d-9d4cd28a0e89.png</reference>
  <statecode>0</statecode>
  <statuscode>1</statuscode>
  <type>ImageRepositoryImageFile</type>
</desktopflowbinary>