<desktopflowbinary desktopflowbinaryid="5eb51c75-723c-f011-b4cb-7c1e526b30e9">
  <data mimetype="application/octet-stream">ControlRepositoryImageFile_3a20ee3b-863e-40ac-8a07-fca0aed2dbc6.png</data>
  <iscustomizable>1</iscustomizable>
  <name>Desktop flow ui element screenshot</name>
  <process>
    <workflowid>41b51c75-723c-f011-b4cb-7c1e526b30e9</workflowid>
  </process>
  <reference>controlRepo-screenshots\3e5e4e09-3f27-461f-9484-0403b97beb1b.png</reference>
  <statecode>0</statecode>
  <statuscode>1</statuscode>
  <type>ControlRepositoryImageFile</type>
</desktopflowbinary>