<desktopflowbinary desktopflowbinaryid="1a7af1f6-ecaf-4b2a-87c5-441a933dc642">
  <data mimetype="image/png">ControlRepositoryImageFile_1a7af1f6-ecaf-4b2a-87c5-441a933dc642.png</data>
  <iscustomizable>1</iscustomizable>
  <metadata>{}</metadata>
  <mimetype>image/png</mimetype>
  <name>Desktop flow ui element screenshot</name>
  <process>
    <workflowid>41b51c75-723c-f011-b4cb-7c1e526b30e9</workflowid>
  </process>
  <reference>controlRepo-screenshots\a85ec131-ecf9-488d-834b-461e1f92a1f2.png</reference>
  <statecode>0</statecode>
  <statuscode>1</statuscode>
  <type>ControlRepositoryImageFile</type>
</desktopflowbinary>